{
  "frontend": [
    30.214000000000002,
    30.586000000000002,
    30.958000000000002,
    31.330000000000002,
    31.702
  ],
  "checkout_service": [
    35.13,
    34.624,
    34.118,
    33.612,
    33.106
  ],
  "payment_service": [
    28.674000000000003,
    29.012,
    29.35,
    29.688,
    30.026
  ],
  "auth_service": [
    25.414000000000005,
    25.238000000000003,
    25.062000000000005,
    24.886000000000003,
    24.710000000000004
  ],
  "cart_service": [
    23.105999999999998,
    23.208,
    23.31,
    23.412,
    23.514
  ],
  "database": [
    21.2,
    21.226,
    21.252,
    21.278,
    21.304
  ]
}